4.456301201313795e-08,8.691593633306357e-09,2.4516679760407573e-08,-2.3741618988231426e-09,8.298090786101357e-09,-8.027305885415278e-08,4.841124111541288e-09,-2.110421874905653e-08,-1.7962324416225038e-08,-2.9855251983917127e-08,-4.621591607031509e-08,-5.971520589451295e-08,-5.4310137091926966e-08,-4.845661326473756e-09,-5.07846750132432e-08,-1.1917475114557662e-08
4.456301201313795e-08,8.691593633306357e-09,2.4516679760407573e-08,-2.3741618988231426e-09,8.298090786101357e-09,-8.027305885415278e-08,4.841124111541288e-09,-2.110421874905653e-08,-1.7962324416225038e-08,-2.9855251983917127e-08,-4.621591607031509e-08,-5.971520589451295e-08,-5.4310137091926966e-08,-4.845661326473756e-09,-5.07846750132432e-08,-1.1917475114557662e-08
4.456301201313795e-08,8.691593633306357e-09,2.4516679760407573e-08,-2.3741618988231426e-09,8.298090786101357e-09,-8.027305885415278e-08,4.841124111541288e-09,-2.110421874905653e-08,-1.7962324416225038e-08,-2.9855251983917127e-08,-4.621591607031509e-08,-5.971520589451295e-08,-5.4310137091926966e-08,-4.845661326473756e-09,-5.07846750132432e-08,-1.1917475114557662e-08
3.8189852416721515e-08,8.25658826477433e-09,2.030747074666106e-08,3.951720757418087e-09,1.0052301636176827e-08,-6.631438758957736e-08,1.1292286247570338e-08,-1.826423231943698e-08,-9.907693175306313e-09,-2.436221164578968e-08,-3.600431123082107e-08,-4.6362160913435546e-08,-4.542491151233016e-08,-6.655836560284095e-09,-4.450653792780915e-08,-2.562345515330237e-09
3.8189852416721515e-08,8.25658826477433e-09,2.030747074666106e-08,3.951720757418087e-09,1.0052301636176827e-08,-6.631438758957736e-08,1.1292286247570338e-08,-1.826423231943698e-08,-9.907693175306313e-09,-2.436221164578968e-08,-3.600431123082107e-08,-4.6362160913435546e-08,-4.542491151233016e-08,-6.655836560284095e-09,-4.450653792780915e-08,-2.562345515330237e-09
3.8189852416721515e-08,8.25658826477433e-09,2.030747074666106e-08,3.951720757418087e-09,1.0052301636176827e-08,-6.631438758957736e-08,1.1292286247570338e-08,-1.826423231943698e-08,-9.907693175306313e-09,-2.436221164578968e-08,-3.600431123082107e-08,-4.6362160913435546e-08,-4.542491151233016e-08,-6.655836560284095e-09,-4.450653792780915e-08,-2.562345515330237e-09
3.8189852416721515e-08,8.25658826477433e-09,2.030747074666106e-08,3.951720757418087e-09,1.0052301636176827e-08,-6.631438758957736e-08,1.1292286247570338e-08,-1.826423231943698e-08,-9.907693175306313e-09,-2.436221164578968e-08,-3.600431123082107e-08,-4.6362160913435546e-08,-4.542491151233016e-08,-6.655836560284095e-09,-4.450653792780915e-08,-2.562345515330237e-09
3.580605571328749e-08,7.387641744877049e-09,1.934749028348337e-08,1.085549666650365e-09,8.137934862876423e-09,-6.325959086509597e-08,7.461564665613152e-09,-1.704619819061469e-08,-1.1689718243737546e-08,-2.337682531686376e-08,-3.5333124141778693e-08,-4.5574282667160126e-08,-4.307875716563769e-08,-5.145041277569706e-09,-4.1297522093870775e-08,-5.750225925624242e-09
3.580605571328749e-08,7.387641744877049e-09,1.934749028348337e-08,1.085549666650365e-09,8.137934862876423e-09,-6.325959086509597e-08,7.461564665613152e-09,-1.704619819061469e-08,-1.1689718243737546e-08,-2.337682531686376e-08,-3.5333124141778693e-08,-4.5574282667160126e-08,-4.307875716563769e-08,-5.145041277569706e-09,-4.1297522093870775e-08,-5.750225925624242e-09
3.580605571328749e-08,7.387641744877049e-09,1.934749028348337e-08,1.085549666650365e-09,8.137934862876423e-09,-6.325959086509597e-08,7.461564665613152e-09,-1.704619819061469e-08,-1.1689718243737546e-08,-2.337682531686376e-08,-3.5333124141778693e-08,-4.5574282667160126e-08,-4.307875716563769e-08,-5.145041277569706e-09,-4.1297522093870775e-08,-5.750225925624242e-09
3.580605571328749e-08,7.387641744877049e-09,1.934749028348337e-08,1.085549666650365e-09,8.137934862876423e-09,-6.325959086509597e-08,7.461564665613152e-09,-1.704619819061469e-08,-1.1689718243737546e-08,-2.337682531686376e-08,-3.5333124141778693e-08,-4.5574282667160126e-08,-4.307875716563769e-08,-5.145041277569706e-09,-4.1297522093870775e-08,-5.750225925624242e-09
-1.5333962805237633e-08,-1.7130368405032792e-08,3.274076499498735e-08,3.419796812918763e-09,-5.495653424524016e-10,1.621885060889422e-08,4.812725507181981e-09,1.154966669720571e-08,1.1572083657637733e-08,2.7928381612571385e-11,-1.8741256345433666e-08,1.6944999403634142e-08,-7.56589958045284e-09,1.7596437492869987e-09,2.440904715416553e-08,1.917752035299203e-09
-1.5333962805237633e-08,-1.7130368405032792e-08,3.274076499498735e-08,3.419796812918763e-09,-5.495653424524016e-10,1.621885060889422e-08,4.812725507181981e-09,1.154966669720571e-08,1.1572083657637733e-08,2.7928381612571385e-11,-1.8741256345433666e-08,1.6944999403634142e-08,-7.56589958045284e-09,1.7596437492869987e-09,2.440904715416553e-08,1.917752035299203e-09
-1.5333962805237633e-08,-1.7130368405032792e-08,3.274076499498735e-08,3.419796812918763e-09,-5.495653424524016e-10,1.621885060889422e-08,4.812725507181981e-09,1.154966669720571e-08,1.1572083657637733e-08,2.7928381612571385e-11,-1.8741256345433666e-08,1.6944999403634142e-08,-7.56589958045284e-09,1.7596437492869987e-09,2.440904715416553e-08,1.917752035299203e-09
-1.5333962805237633e-08,-1.7130368405032792e-08,3.274076499498735e-08,3.419796812918763e-09,-5.495653424524016e-10,1.621885060889422e-08,4.812725507181981e-09,1.154966669720571e-08,1.1572083657637733e-08,2.7928381612571385e-11,-1.8741256345433666e-08,1.6944999403634142e-08,-7.56589958045284e-09,1.7596437492869987e-09,2.440904715416553e-08,1.917752035299203e-09
-1.0640819014883722e-09,-4.163445141425193e-09,1.2501944023851012e-08,1.5995878981332291e-09,1.0516042667257608e-09,-6.655851853461694e-10,2.914709924806136e-09,9.590212653812672e-10,2.857281313248558e-09,-2.423365436099445e-09,-9.282737456175718e-09,1.3538649642732792e-09,-7.159993667096545e-09,-1.565449887196608e-10,3.5418682853129e-09,7.626725848857642e-10
-1.0640819014883722e-09,-4.163445141425193e-09,1.2501944023851012e-08,1.5995878981332291e-09,1.0516042667257608e-09,-6.655851853461694e-10,2.914709924806136e-09,9.590212653812672e-10,2.857281313248558e-09,-2.423365436099445e-09,-9.282737456175718e-09,1.3538649642732792e-09,-7.159993667096545e-09,-1.565449887196608e-10,3.5418682853129e-09,7.626725848857642e-10
-1.0640819014883724e-09,-4.163445141425193e-09,1.250194402385101e-08,1.5995878981332291e-09,1.051604266725761e-09,-6.655851853461695e-10,2.914709924806136e-09,9.590212653812672e-10,2.8572813132485584e-09,-2.4233654360994447e-09,-9.282737456175718e-09,1.3538649642732792e-09,-7.159993667096544e-09,-1.5654498871966078e-10,3.5418682853128997e-09,7.626725848857642e-10
-1.0640819014883724e-09,-4.163445141425193e-09,1.250194402385101e-08,1.5995878981332291e-09,1.051604266725761e-09,-6.655851853461695e-10,2.914709924806136e-09,9.590212653812672e-10,2.8572813132485584e-09,-2.4233654360994447e-09,-9.282737456175718e-09,1.3538649642732792e-09,-7.159993667096544e-09,-1.5654498871966078e-10,3.5418682853128997e-09,7.626725848857642e-10
-1.0640819014883724e-09,-4.163445141425193e-09,1.250194402385101e-08,1.5995878981332291e-09,1.051604266725761e-09,-6.655851853461695e-10,2.914709924806136e-09,9.590212653812672e-10,2.8572813132485584e-09,-2.4233654360994447e-09,-9.282737456175718e-09,1.3538649642732792e-09,-7.159993667096544e-09,-1.5654498871966078e-10,3.5418682853128997e-09,7.626725848857642e-10
-1.0640819014883722e-09,-4.163445141425193e-09,1.2501944023851012e-08,1.5995878981332291e-09,1.0516042667257608e-09,-6.655851853461694e-10,2.914709924806136e-09,9.590212653812672e-10,2.857281313248558e-09,-2.423365436099445e-09,-9.282737456175718e-09,1.3538649642732792e-09,-7.159993667096545e-09,-1.565449887196608e-10,3.5418682853129e-09,7.626725848857642e-10
-1.0640819014883722e-09,-4.163445141425193e-09,1.2501944023851012e-08,1.5995878981332291e-09,1.0516042667257608e-09,-6.655851853461694e-10,2.914709924806136e-09,9.590212653812672e-10,2.857281313248558e-09,-2.423365436099445e-09,-9.282737456175718e-09,1.3538649642732792e-09,-7.159993667096545e-09,-1.565449887196608e-10,3.5418682853129e-09,7.626725848857642e-10
-1.0640819014883724e-09,-4.163445141425193e-09,1.250194402385101e-08,1.5995878981332291e-09,1.051604266725761e-09,-6.655851853461695e-10,2.914709924806136e-09,9.590212653812672e-10,2.8572813132485584e-09,-2.4233654360994447e-09,-9.282737456175718e-09,1.3538649642732792e-09,-7.159993667096544e-09,-1.5654498871966078e-10,3.5418682853128997e-09,7.626725848857642e-10
-1.0640819014883724e-09,-4.163445141425193e-09,1.250194402385101e-08,1.5995878981332291e-09,1.051604266725761e-09,-6.655851853461695e-10,2.914709924806136e-09,9.590212653812672e-10,2.8572813132485584e-09,-2.4233654360994447e-09,-9.282737456175718e-09,1.3538649642732792e-09,-7.159993667096544e-09,-1.5654498871966078e-10,3.5418682853128997e-09,7.626725848857642e-10
-1.0640819014883724e-09,-4.163445141425193e-09,1.250194402385101e-08,1.5995878981332291e-09,1.051604266725761e-09,-6.655851853461695e-10,2.914709924806136e-09,9.590212653812672e-10,2.8572813132485584e-09,-2.4233654360994447e-09,-9.282737456175718e-09,1.3538649642732792e-09,-7.159993667096544e-09,-1.5654498871966078e-10,3.5418682853128997e-09,7.626725848857642e-10
-1.2188557987458875e-09,-5.796559440773841e-09,1.3765016287297588e-08,8.367501536851269e-10,3.078043754726033e-10,-2.8187782779206163e-09,1.8315478907821037e-09,3.201923893524026e-09,2.185031540733215e-09,-2.7940532478822055e-09,-1.1285801474300275e-08,-3.77152319406024e-10,-7.494121892878372e-09,2.2915372847239867e-10,3.555069485515329e-09,-9.525831860388636e-10
-1.2188557987458875e-09,-5.796559440773841e-09,1.3765016287297588e-08,8.367501536851269e-10,3.078043754726033e-10,-2.8187782779206163e-09,1.8315478907821037e-09,3.201923893524026e-09,2.185031540733215e-09,-2.7940532478822055e-09,-1.1285801474300275e-08,-3.77152319406024e-10,-7.494121892878372e-09,2.2915372847239867e-10,3.555069485515329e-09,-9.525831860388636e-10
-1.2188557987458875e-09,-5.796559440773841e-09,1.3765016287297588e-08,8.367501536851269e-10,3.078043754726033e-10,-2.8187782779206163e-09,1.8315478907821037e-09,3.201923893524026e-09,2.185031540733215e-09,-2.7940532478822055e-09,-1.1285801474300275e-08,-3.77152319406024e-10,-7.494121892878372e-09,2.2915372847239867e-10,3.555069485515329e-09,-9.525831860388636e-10
-1.2188557987458875e-09,-5.796559440773841e-09,1.3765016287297588e-08,8.367501536851269e-10,3.078043754726033e-10,-2.8187782779206163e-09,1.8315478907821037e-09,3.201923893524026e-09,2.185031540733215e-09,-2.7940532478822055e-09,-1.1285801474300275e-08,-3.77152319406024e-10,-7.494121892878372e-09,2.2915372847239867e-10,3.555069485515329e-09,-9.525831860388636e-10
-1.2188557987458875e-09,-5.796559440773841e-09,1.3765016287297588e-08,8.367501536851269e-10,3.078043754726033e-10,-2.8187782779206163e-09,1.8315478907821037e-09,3.201923893524026e-09,2.185031540733215e-09,-2.7940532478822055e-09,-1.1285801474300275e-08,-3.77152319406024e-10,-7.494121892878372e-09,2.2915372847239867e-10,3.555069485515329e-09,-9.525831860388636e-10
-1.2188557987458875e-09,-5.796559440773841e-09,1.3765016287297588e-08,8.367501536851269e-10,3.078043754726033e-10,-2.8187782779206163e-09,1.8315478907821037e-09,3.201923893524026e-09,2.185031540733215e-09,-2.7940532478822055e-09,-1.1285801474300275e-08,-3.77152319406024e-10,-7.494121892878372e-09,2.2915372847239867e-10,3.555069485515329e-09,-9.525831860388636e-10
-1.2188557987458875e-09,-5.796559440773841e-09,1.3765016287297588e-08,8.367501536851269e-10,3.078043754726033e-10,-2.8187782779206163e-09,1.8315478907821037e-09,3.201923893524026e-09,2.185031540733215e-09,-2.7940532478822055e-09,-1.1285801474300275e-08,-3.77152319406024e-10,-7.494121892878372e-09,2.2915372847239867e-10,3.555069485515329e-09,-9.525831860388636e-10
-1.2188557987458875e-09,-5.796559440773841e-09,1.3765016287297588e-08,8.367501536851269e-10,3.078043754726033e-10,-2.8187782779206163e-09,1.8315478907821037e-09,3.201923893524026e-09,2.185031540733215e-09,-2.7940532478822055e-09,-1.1285801474300275e-08,-3.77152319406024e-10,-7.494121892878372e-09,2.2915372847239867e-10,3.555069485515329e-09,-9.525831860388636e-10
2.71435769765363e-08,-7.271068698522228e-10,3.459600578237243e-08,2.4985187682680102e-09,7.350959103143845e-09,-4.7478502053152626e-08,2.9336463706203245e-09,-2.3176742607218524e-08,-1.0392900890582313e-08,-2.5353947738027473e-08,-3.340058627593345e-08,-3.061780501079081e-08,-4.100373874119101e-08,-5.967916833545667e-09,-2.9106701742408203e-08,-8.713232848775454e-09
2.71435769765363e-08,-7.271068698522228e-10,3.459600578237243e-08,2.4985187682680102e-09,7.350959103143845e-09,-4.7478502053152626e-08,2.9336463706203245e-09,-2.3176742607218524e-08,-1.0392900890582313e-08,-2.5353947738027473e-08,-3.340058627593345e-08,-3.061780501079081e-08,-4.100373874119101e-08,-5.967916833545667e-09,-2.9106701742408203e-08,-8.713232848775454e-09
2.71435769765363e-08,-7.271068698522228e-10,3.459600578237243e-08,2.4985187682680102e-09,7.350959103143845e-09,-4.7478502053152626e-08,2.9336463706203245e-09,-2.3176742607218524e-08,-1.0392900890582313e-08,-2.5353947738027473e-08,-3.340058627593345e-08,-3.061780501079081e-08,-4.100373874119101e-08,-5.967916833545667e-09,-2.9106701742408203e-08,-8.713232848775454e-09
2.71435769765363e-08,-7.271068698522228e-10,3.459600578237243e-08,2.4985187682680102e-09,7.350959103143845e-09,-4.7478502053152626e-08,2.9336463706203245e-09,-2.3176742607218524e-08,-1.0392900890582313e-08,-2.5353947738027473e-08,-3.340058627593345e-08,-3.061780501079081e-08,-4.100373874119101e-08,-5.967916833545667e-09,-2.9106701742408203e-08,-8.713232848775454e-09
-2.1494328885166002e-08,-1.4183083243505624e-08,1.6125924567900185e-08,2.1159675229568777e-09,-2.7375597902561575e-09,2.6784655022630646e-08,5.344149481972816e-09,2.1318762371813163e-08,1.460411150344676e-08,9.138285101342968e-09,-8.251906875404261e-09,2.2165441855107976e-08,5.4103405251286025e-09,4.023241212460875e-09,3.004767428448074e-08,5.809831959274758e-09
-2.1494328885166002e-08,-1.4183083243505624e-08,1.6125924567900185e-08,2.1159675229568777e-09,-2.7375597902561575e-09,2.6784655022630646e-08,5.344149481972816e-09,2.1318762371813163e-08,1.460411150344676e-08,9.138285101342968e-09,-8.251906875404261e-09,2.2165441855107976e-08,5.4103405251286025e-09,4.023241212460875e-09,3.004767428448074e-08,5.809831959274758e-09
-2.1494328885166002e-08,-1.4183083243505624e-08,1.6125924567900185e-08,2.1159675229568777e-09,-2.7375597902561575e-09,2.6784655022630646e-08,5.344149481972816e-09,2.1318762371813163e-08,1.460411150344676e-08,9.138285101342968e-09,-8.251906875404261e-09,2.2165441855107976e-08,5.4103405251286025e-09,4.023241212460875e-09,3.004767428448074e-08,5.809831959274758e-09
-2.1494328885166002e-08,-1.4183083243505624e-08,1.6125924567900185e-08,2.1159675229568777e-09,-2.7375597902561575e-09,2.6784655022630646e-08,5.344149481972816e-09,2.1318762371813163e-08,1.460411150344676e-08,9.138285101342968e-09,-8.251906875404261e-09,2.2165441855107976e-08,5.4103405251286025e-09,4.023241212460875e-09,3.004767428448074e-08,5.809831959274758e-09
-2.1494328885166002e-08,-1.4183083243505624e-08,1.6125924567900185e-08,2.1159675229568777e-09,-2.7375597902561575e-09,2.6784655022630646e-08,5.344149481972816e-09,2.1318762371813163e-08,1.460411150344676e-08,9.138285101342968e-09,-8.251906875404261e-09,2.2165441855107976e-08,5.4103405251286025e-09,4.023241212460875e-09,3.004767428448074e-08,5.809831959274758e-09
-2.1494328885166002e-08,-1.4183083243505624e-08,1.6125924567900185e-08,2.1159675229568777e-09,-2.7375597902561575e-09,2.6784655022630646e-08,5.344149481972816e-09,2.1318762371813163e-08,1.460411150344676e-08,9.138285101342968e-09,-8.251906875404261e-09,2.2165441855107976e-08,5.4103405251286025e-09,4.023241212460875e-09,3.004767428448074e-08,5.809831959274758e-09
4.910085197804004e-07,1.5717317455865576e-07,1.0120682342185106e-07,-6.525912518706711e-10,9.985347972432668e-08,-8.239904928167285e-07,7.02878739586299e-08,-2.507530450761991e-07,-1.8656495355540148e-07,-2.806336173288154e-07,-3.4903246431960966e-07,-6.146713896204581e-07,-4.86681487665841e-07,-6.877907032798447e-08,-5.932064537431114e-07,-7.667371924868771e-08
2.864484457062999e-07,5.9101133959016394e-08,1.5477992226786697e-07,8.68439733320292e-09,6.510347890301138e-08,-5.060767269207678e-07,5.969251732490521e-08,-1.3636958552491751e-07,-9.351774594990037e-08,-1.870146025349101e-07,-2.8266499313422955e-07,-3.64594261337281e-07,-3.4463005732510155e-07,-4.116033022055765e-08,-3.303801767509662e-07,-4.600180740499393e-08
-4.499034789579026e-07,-3.7215793508016404e-07,5.774253387658135e-07,6.40537375917738e-08,-4.354304630055372e-08,5.774153756382683e-07,6.640825148118701e-08,2.9917812670657296e-07,2.7820054612770484e-07,9.406586889970647e-08,-2.3349263034155854e-07,5.211971187413234e-07,2.0997037053493983e-08,5.57730400960188e-08,6.533710314587937e-07,6.135594440848102e-08
1.0669542770079678e-08,-3.312190864781049e-09,-1.1040301290136288e-08,-9.022457508907564e-09,-5.738244021417306e-09,-4.3049209497506014e-08,-1.950969752116525e-09,3.2515267607537425e-08,-6.815077421620943e-09,4.91845410628049e-10,-2.2783895816055742e-08,-3.813466402033394e-08,-6.350713383353848e-09,5.229796465452305e-09,-1.6799305831752557e-08,-1.0374699434797489e-08
1.0669542770079677e-08,-3.3121908647810494e-09,-1.1040301290136286e-08,-9.022457508907564e-09,-5.738244021417305e-09,-4.3049209497506014e-08,-1.950969752116525e-09,3.2515267607537425e-08,-6.815077421620943e-09,4.91845410628049e-10,-2.2783895816055742e-08,-3.813466402033394e-08,-6.350713383353848e-09,5.229796465452305e-09,-1.6799305831752557e-08,-1.0374699434797489e-08
1.0669542770079677e-08,-3.3121908647810494e-09,-1.1040301290136286e-08,-9.022457508907564e-09,-5.738244021417305e-09,-4.3049209497506014e-08,-1.950969752116525e-09,3.2515267607537425e-08,-6.815077421620943e-09,4.91845410628049e-10,-2.2783895816055742e-08,-3.813466402033394e-08,-6.350713383353848e-09,5.229796465452305e-09,-1.6799305831752557e-08,-1.0374699434797489e-08
1.0669542770079677e-08,-3.3121908647810494e-09,-1.1040301290136286e-08,-9.022457508907564e-09,-5.738244021417305e-09,-4.3049209497506014e-08,-1.950969752116525e-09,3.2515267607537425e-08,-6.815077421620943e-09,4.91845410628049e-10,-2.2783895816055742e-08,-3.813466402033394e-08,-6.350713383353848e-09,5.229796465452305e-09,-1.6799305831752557e-08,-1.0374699434797489e-08
2.4288812882385174e-09,4.169012136292232e-09,-1.7847397524968765e-08,-3.00036873947227e-09,-1.876419856537765e-09,-1.2688079215061877e-08,5.506597985013997e-09,2.1309890230590934e-08,2.379417925410375e-09,7.501094208422288e-09,-5.0529172538124075e-09,-1.3978668893706765e-08,2.6102508296634383e-09,3.667198127634265e-09,-4.849910271097043e-09,3.609638844819085e-09
2.4288812882385174e-09,4.169012136292232e-09,-1.7847397524968765e-08,-3.00036873947227e-09,-1.876419856537765e-09,-1.2688079215061877e-08,5.506597985013997e-09,2.1309890230590934e-08,2.379417925410375e-09,7.501094208422288e-09,-5.0529172538124075e-09,-1.3978668893706765e-08,2.6102508296634383e-09,3.667198127634265e-09,-4.849910271097043e-09,3.609638844819085e-09
2.4288812882385174e-09,4.169012136292232e-09,-1.7847397524968765e-08,-3.00036873947227e-09,-1.876419856537765e-09,-1.2688079215061877e-08,5.506597985013997e-09,2.1309890230590934e-08,2.379417925410375e-09,7.501094208422288e-09,-5.0529172538124075e-09,-1.3978668893706765e-08,2.6102508296634383e-09,3.667198127634265e-09,-4.849910271097043e-09,3.609638844819085e-09
2.4288812882385174e-09,4.169012136292232e-09,-1.7847397524968765e-08,-3.00036873947227e-09,-1.876419856537765e-09,-1.2688079215061877e-08,5.506597985013997e-09,2.1309890230590934e-08,2.379417925410375e-09,7.501094208422288e-09,-5.0529172538124075e-09,-1.3978668893706765e-08,2.6102508296634383e-09,3.667198127634265e-09,-4.849910271097043e-09,3.609638844819085e-09
2.428881288238518e-09,4.169012136292232e-09,-1.7847397524968765e-08,-3.0003687394722706e-09,-1.876419856537765e-09,-1.2688079215061877e-08,5.506597985013997e-09,2.1309890230590934e-08,2.3794179254103744e-09,7.501094208422288e-09,-5.0529172538124075e-09,-1.3978668893706763e-08,2.610250829663438e-09,3.667198127634265e-09,-4.849910271097043e-09,3.609638844819085e-09
2.428881288238518e-09,4.169012136292232e-09,-1.7847397524968765e-08,-3.0003687394722706e-09,-1.876419856537765e-09,-1.2688079215061878e-08,5.506597985013997e-09,2.1309890230590934e-08,2.3794179254103744e-09,7.501094208422288e-09,-5.052917253812408e-09,-1.3978668893706763e-08,2.610250829663438e-09,3.667198127634265e-09,-4.849910271097043e-09,3.609638844819085e-09
2.428881288238518e-09,4.169012136292232e-09,-1.7847397524968765e-08,-3.0003687394722706e-09,-1.876419856537765e-09,-1.2688079215061878e-08,5.506597985013997e-09,2.1309890230590934e-08,2.3794179254103744e-09,7.501094208422288e-09,-5.052917253812408e-09,-1.3978668893706763e-08,2.610250829663438e-09,3.667198127634265e-09,-4.849910271097043e-09,3.609638844819085e-09
2.428881288238518e-09,4.169012136292232e-09,-1.7847397524968765e-08,-3.0003687394722706e-09,-1.876419856537765e-09,-1.2688079215061878e-08,5.506597985013997e-09,2.1309890230590934e-08,2.3794179254103744e-09,7.501094208422288e-09,-5.052917253812408e-09,-1.3978668893706763e-08,2.610250829663438e-09,3.667198127634265e-09,-4.849910271097043e-09,3.609638844819085e-09
2.428881288238518e-09,4.169012136292232e-09,-1.7847397524968768e-08,-3.00036873947227e-09,-1.876419856537765e-09,-1.2688079215061875e-08,5.506597985013997e-09,2.1309890230590937e-08,2.3794179254103744e-09,7.501094208422288e-09,-5.052917253812408e-09,-1.3978668893706763e-08,2.6102508296634383e-09,3.667198127634265e-09,-4.849910271097043e-09,3.6096388448190853e-09
2.428881288238518e-09,4.169012136292232e-09,-1.7847397524968768e-08,-3.00036873947227e-09,-1.876419856537765e-09,-1.2688079215061875e-08,5.506597985013997e-09,2.1309890230590937e-08,2.3794179254103744e-09,7.501094208422288e-09,-5.052917253812408e-09,-1.3978668893706763e-08,2.6102508296634383e-09,3.667198127634265e-09,-4.849910271097043e-09,3.6096388448190853e-09
2.428881288238518e-09,4.169012136292232e-09,-1.7847397524968768e-08,-3.00036873947227e-09,-1.876419856537765e-09,-1.2688079215061875e-08,5.506597985013997e-09,2.1309890230590937e-08,2.3794179254103744e-09,7.501094208422288e-09,-5.052917253812408e-09,-1.3978668893706763e-08,2.6102508296634383e-09,3.667198127634265e-09,-4.849910271097043e-09,3.6096388448190853e-09
2.4288812882385174e-09,4.1690121362922314e-09,-1.7847397524968768e-08,-3.0003687394722706e-09,-1.876419856537765e-09,-1.2688079215061878e-08,5.506597985013997e-09,2.1309890230590934e-08,2.379417925410375e-09,7.501094208422288e-09,-5.052917253812408e-09,-1.3978668893706766e-08,2.6102508296634383e-09,3.667198127634265e-09,-4.849910271097043e-09,3.609638844819084e-09
2.4288812882385174e-09,4.1690121362922314e-09,-1.7847397524968768e-08,-3.0003687394722706e-09,-1.876419856537765e-09,-1.2688079215061878e-08,5.506597985013997e-09,2.1309890230590934e-08,2.379417925410375e-09,7.501094208422288e-09,-5.052917253812408e-09,-1.3978668893706766e-08,2.6102508296634383e-09,3.667198127634265e-09,-4.849910271097043e-09,3.609638844819084e-09
2.4288812882385174e-09,4.1690121362922314e-09,-1.7847397524968768e-08,-3.0003687394722706e-09,-1.876419856537765e-09,-1.2688079215061878e-08,5.506597985013997e-09,2.1309890230590934e-08,2.379417925410375e-09,7.501094208422288e-09,-5.052917253812408e-09,-1.3978668893706766e-08,2.6102508296634383e-09,3.667198127634265e-09,-4.849910271097043e-09,3.609638844819084e-09
2.4288812882385174e-09,4.1690121362922314e-09,-1.7847397524968768e-08,-3.0003687394722706e-09,-1.876419856537765e-09,-1.2688079215061877e-08,5.506597985013997e-09,2.1309890230590934e-08,2.379417925410375e-09,7.501094208422288e-09,-5.0529172538124075e-09,-1.3978668893706766e-08,2.6102508296634383e-09,3.667198127634265e-09,-4.849910271097043e-09,3.6096388448190845e-09
-4.781232249649551e-09,-1.3489905831276518e-09,-5.419848574054979e-09,-1.5838441475784441e-09,-2.0733841822452425e-09,3.165094085844501e-09,1.3577507065156537e-09,1.2436575237990913e-08,3.1436408934840634e-09,5.569483299723566e-09,-1.0950864793158178e-09,5.885565467088502e-10,4.711885718225964e-09,2.5913829205156023e-09,5.571803277710292e-09,1.5450951299264858e-09
-4.781232249649551e-09,-1.3489905831276518e-09,-5.419848574054979e-09,-1.5838441475784445e-09,-2.0733841822452425e-09,3.1650940858445015e-09,1.3577507065156535e-09,1.2436575237990913e-08,3.1436408934840634e-09,5.569483299723566e-09,-1.0950864793158178e-09,5.885565467088502e-10,4.711885718225964e-09,2.5913829205156023e-09,5.571803277710292e-09,1.5450951299264858e-09
-4.781232249649551e-09,-1.3489905831276518e-09,-5.419848574054979e-09,-1.5838441475784445e-09,-2.0733841822452425e-09,3.1650940858445015e-09,1.3577507065156535e-09,1.2436575237990913e-08,3.1436408934840634e-09,5.569483299723566e-09,-1.0950864793158178e-09,5.885565467088502e-10,4.711885718225964e-09,2.5913829205156023e-09,5.571803277710292e-09,1.5450951299264858e-09
-4.781232249649551e-09,-1.3489905831276518e-09,-5.419848574054979e-09,-1.5838441475784445e-09,-2.0733841822452425e-09,3.1650940858445015e-09,1.3577507065156535e-09,1.2436575237990913e-08,3.1436408934840634e-09,5.569483299723566e-09,-1.0950864793158178e-09,5.885565467088502e-10,4.711885718225964e-09,2.5913829205156023e-09,5.571803277710292e-09,1.5450951299264858e-09
-4.781232249649551e-09,-1.3489905831276518e-09,-5.419848574054979e-09,-1.5838441475784445e-09,-2.0733841822452425e-09,3.1650940858445015e-09,1.357750706515654e-09,1.2436575237990913e-08,3.143640893484063e-09,5.569483299723565e-09,-1.0950864793158178e-09,5.885565467088503e-10,4.711885718225964e-09,2.5913829205156023e-09,5.571803277710292e-09,1.545095129926486e-09
-4.781232249649551e-09,-1.3489905831276518e-09,-5.419848574054979e-09,-1.5838441475784445e-09,-2.0733841822452425e-09,3.1650940858445015e-09,1.357750706515654e-09,1.2436575237990913e-08,3.143640893484063e-09,5.569483299723565e-09,-1.0950864793158178e-09,5.885565467088503e-10,4.711885718225964e-09,2.5913829205156023e-09,5.571803277710292e-09,1.545095129926486e-09
-4.781232249649551e-09,-1.3489905831276518e-09,-5.419848574054979e-09,-1.5838441475784445e-09,-2.0733841822452425e-09,3.1650940858445015e-09,1.357750706515654e-09,1.2436575237990913e-08,3.143640893484063e-09,5.569483299723565e-09,-1.0950864793158178e-09,5.885565467088503e-10,4.711885718225964e-09,2.5913829205156023e-09,5.571803277710292e-09,1.545095129926486e-09
-4.781232249649551e-09,-1.348990583127652e-09,-5.4198485740549784e-09,-1.5838441475784443e-09,-2.0733841822452425e-09,3.1650940858445015e-09,1.3577507065156537e-09,1.2436575237990913e-08,3.1436408934840634e-09,5.569483299723566e-09,-1.0950864793158178e-09,5.885565467088503e-10,4.711885718225965e-09,2.5913829205156023e-09,5.571803277710292e-09,1.5450951299264858e-09
-4.781232249649551e-09,-1.348990583127652e-09,-5.419848574054979e-09,-1.5838441475784445e-09,-2.0733841822452425e-09,3.1650940858445015e-09,1.357750706515654e-09,1.2436575237990913e-08,3.1436408934840634e-09,5.569483299723566e-09,-1.0950864793158178e-09,5.885565467088503e-10,4.711885718225965e-09,2.5913829205156023e-09,5.571803277710292e-09,1.5450951299264858e-09
-4.781232249649551e-09,-1.348990583127652e-09,-5.419848574054979e-09,-1.5838441475784445e-09,-2.0733841822452425e-09,3.1650940858445015e-09,1.357750706515654e-09,1.2436575237990913e-08,3.1436408934840634e-09,5.569483299723566e-09,-1.0950864793158178e-09,5.885565467088503e-10,4.711885718225965e-09,2.5913829205156023e-09,5.571803277710292e-09,1.5450951299264858e-09
-4.781232249649551e-09,-1.348990583127652e-09,-5.419848574054979e-09,-1.5838441475784445e-09,-2.0733841822452425e-09,3.1650940858445015e-09,1.357750706515654e-09,1.2436575237990913e-08,3.1436408934840634e-09,5.569483299723566e-09,-1.0950864793158178e-09,5.885565467088503e-10,4.711885718225965e-09,2.5913829205156023e-09,5.571803277710292e-09,1.5450951299264858e-09
-4.781232249649551e-09,-1.3489905831276518e-09,-5.419848574054979e-09,-1.5838441475784441e-09,-2.0733841822452425e-09,3.1650940858445007e-09,1.357750706515654e-09,1.2436575237990913e-08,3.1436408934840634e-09,5.569483299723566e-09,-1.0950864793158178e-09,5.885565467088503e-10,4.711885718225964e-09,2.5913829205156023e-09,5.571803277710291e-09,1.5450951299264858e-09
-4.781232249649551e-09,-1.3489905831276518e-09,-5.419848574054979e-09,-1.5838441475784441e-09,-2.0733841822452425e-09,3.1650940858445007e-09,1.357750706515654e-09,1.2436575237990913e-08,3.1436408934840634e-09,5.569483299723566e-09,-1.0950864793158178e-09,5.885565467088503e-10,4.711885718225964e-09,2.5913829205156023e-09,5.571803277710291e-09,1.5450951299264858e-09
-4.781232249649551e-09,-1.3489905831276518e-09,-5.419848574054979e-09,-1.5838441475784441e-09,-2.0733841822452425e-09,3.1650940858445007e-09,1.357750706515654e-09,1.2436575237990913e-08,3.1436408934840634e-09,5.569483299723566e-09,-1.0950864793158178e-09,5.885565467088503e-10,4.711885718225964e-09,2.5913829205156023e-09,5.571803277710291e-09,1.5450951299264858e-09
-4.781232249649551e-09,-1.3489905831276518e-09,-5.419848574054979e-09,-1.5838441475784441e-09,-2.0733841822452425e-09,3.1650940858445007e-09,1.357750706515654e-09,1.2436575237990913e-08,3.1436408934840634e-09,5.569483299723566e-09,-1.0950864793158178e-09,5.885565467088503e-10,4.711885718225964e-09,2.5913829205156023e-09,5.571803277710291e-09,1.5450951299264858e-09
-4.781232249649551e-09,-1.3489905831276518e-09,-5.419848574054979e-09,-1.5838441475784441e-09,-2.0733841822452425e-09,3.1650940858445007e-09,1.357750706515654e-09,1.2436575237990913e-08,3.1436408934840634e-09,5.569483299723566e-09,-1.0950864793158178e-09,5.885565467088503e-10,4.711885718225964e-09,2.5913829205156023e-09,5.571803277710291e-09,1.5450951299264858e-09
-4.781232249649551e-09,-1.3489905831276518e-09,-5.419848574054979e-09,-1.5838441475784441e-09,-2.0733841822452425e-09,3.1650940858445007e-09,1.357750706515654e-09,1.2436575237990913e-08,3.1436408934840634e-09,5.569483299723566e-09,-1.0950864793158178e-09,5.885565467088503e-10,4.711885718225964e-09,2.5913829205156023e-09,5.571803277710291e-09,1.5450951299264858e-09
-4.781232249649551e-09,-1.3489905831276518e-09,-5.419848574054979e-09,-1.5838441475784441e-09,-2.0733841822452425e-09,3.1650940858445007e-09,1.357750706515654e-09,1.2436575237990913e-08,3.1436408934840634e-09,5.569483299723566e-09,-1.0950864793158178e-09,5.885565467088503e-10,4.711885718225964e-09,2.5913829205156023e-09,5.571803277710291e-09,1.5450951299264858e-09
-4.781232249649551e-09,-1.3489905831276518e-09,-5.419848574054979e-09,-1.5838441475784441e-09,-2.0733841822452425e-09,3.1650940858445007e-09,1.357750706515654e-09,1.2436575237990913e-08,3.1436408934840634e-09,5.569483299723566e-09,-1.0950864793158178e-09,5.885565467088503e-10,4.711885718225964e-09,2.5913829205156023e-09,5.571803277710291e-09,1.5450951299264858e-09
-4.781232249649551e-09,-1.3489905831276518e-09,-5.419848574054979e-09,-1.5838441475784443e-09,-2.0733841822452425e-09,3.1650940858445007e-09,1.357750706515654e-09,1.2436575237990911e-08,3.1436408934840634e-09,5.569483299723566e-09,-1.0950864793158178e-09,5.885565467088503e-10,4.711885718225964e-09,2.5913829205156023e-09,5.571803277710291e-09,1.5450951299264858e-09
-4.781232249649551e-09,-1.3489905831276518e-09,-5.419848574054979e-09,-1.5838441475784443e-09,-2.0733841822452425e-09,3.1650940858445007e-09,1.357750706515654e-09,1.2436575237990911e-08,3.1436408934840634e-09,5.569483299723566e-09,-1.0950864793158178e-09,5.885565467088503e-10,4.711885718225964e-09,2.5913829205156023e-09,5.571803277710291e-09,1.5450951299264858e-09
-4.781232249649551e-09,-1.3489905831276518e-09,-5.419848574054979e-09,-1.5838441475784445e-09,-2.0733841822452425e-09,3.1650940858445003e-09,1.357750706515654e-09,1.2436575237990913e-08,3.1436408934840634e-09,5.569483299723566e-09,-1.0950864793158178e-09,5.885565467088502e-10,4.711885718225964e-09,2.5913829205156023e-09,5.571803277710291e-09,1.5450951299264858e-09
-4.781232249649551e-09,-1.3489905831276518e-09,-5.419848574054979e-09,-1.5838441475784445e-09,-2.0733841822452425e-09,3.1650940858445003e-09,1.357750706515654e-09,1.2436575237990913e-08,3.1436408934840634e-09,5.569483299723566e-09,-1.0950864793158178e-09,5.885565467088502e-10,4.711885718225964e-09,2.5913829205156023e-09,5.571803277710291e-09,1.5450951299264858e-09
-4.781232249649551e-09,-1.3489905831276518e-09,-5.419848574054979e-09,-1.5838441475784445e-09,-2.0733841822452425e-09,3.1650940858445003e-09,1.357750706515654e-09,1.2436575237990913e-08,3.1436408934840634e-09,5.569483299723566e-09,-1.0950864793158178e-09,5.885565467088502e-10,4.711885718225964e-09,2.5913829205156023e-09,5.571803277710291e-09,1.5450951299264858e-09
-4.781232249649551e-09,-1.3489905831276518e-09,-5.419848574054979e-09,-1.5838441475784441e-09,-2.0733841822452425e-09,3.1650940858445007e-09,1.357750706515654e-09,1.2436575237990913e-08,3.1436408934840634e-09,5.569483299723566e-09,-1.0950864793158178e-09,5.885565467088503e-10,4.711885718225964e-09,2.5913829205156023e-09,5.571803277710291e-09,1.5450951299264858e-09
-4.781232249649551e-09,-1.3489905831276518e-09,-5.419848574054979e-09,-1.5838441475784441e-09,-2.0733841822452425e-09,3.1650940858445007e-09,1.357750706515654e-09,1.2436575237990913e-08,3.1436408934840634e-09,5.569483299723566e-09,-1.0950864793158178e-09,5.885565467088503e-10,4.711885718225964e-09,2.5913829205156023e-09,5.571803277710291e-09,1.5450951299264858e-09
-4.781232249649551e-09,-1.3489905831276518e-09,-5.419848574054979e-09,-1.5838441475784441e-09,-2.0733841822452425e-09,3.1650940858445007e-09,1.357750706515654e-09,1.2436575237990913e-08,3.1436408934840634e-09,5.569483299723566e-09,-1.0950864793158178e-09,5.885565467088503e-10,4.711885718225964e-09,2.5913829205156023e-09,5.571803277710291e-09,1.5450951299264858e-09
-1.1161971500209257e-08,-6.135273159420713e-09,-3.243892157975578e-09,-1.0920884429416188e-09,-3.5898834808747077e-09,1.0436220292120434e-08,9.41394912409546e-10,1.903826730921235e-08,6.091503904533577e-09,8.408098625784495e-09,-2.570591532845433e-10,6.78025223990433e-09,9.479603066717445e-09,3.3998499520697544e-09,1.3070443782924818e-08,1.7928911173593752e-09
-1.1161971500209257e-08,-6.135273159420713e-09,-3.243892157975578e-09,-1.0920884429416188e-09,-3.5898834808747077e-09,1.0436220292120434e-08,9.41394912409546e-10,1.903826730921235e-08,6.091503904533577e-09,8.408098625784495e-09,-2.570591532845433e-10,6.78025223990433e-09,9.479603066717445e-09,3.3998499520697544e-09,1.3070443782924818e-08,1.7928911173593752e-09
-1.1161971500209257e-08,-6.135273159420713e-09,-3.243892157975578e-09,-1.0920884429416188e-09,-3.5898834808747077e-09,1.0436220292120434e-08,9.41394912409546e-10,1.903826730921235e-08,6.091503904533577e-09,8.408098625784495e-09,-2.570591532845433e-10,6.78025223990433e-09,9.479603066717445e-09,3.3998499520697544e-09,1.3070443782924818e-08,1.7928911173593752e-09
-1.1161971500209257e-08,-6.135273159420713e-09,-3.243892157975578e-09,-1.0920884429416188e-09,-3.5898834808747077e-09,1.0436220292120434e-08,9.41394912409546e-10,1.903826730921235e-08,6.091503904533577e-09,8.408098625784495e-09,-2.570591532845433e-10,6.78025223990433e-09,9.479603066717445e-09,3.3998499520697544e-09,1.3070443782924818e-08,1.7928911173593752e-09
-1.1161971500209257e-08,-6.135273159420713e-09,-3.243892157975578e-09,-1.0920884429416188e-09,-3.5898834808747077e-09,1.0436220292120434e-08,9.41394912409546e-10,1.903826730921235e-08,6.091503904533577e-09,8.408098625784495e-09,-2.570591532845433e-10,6.78025223990433e-09,9.479603066717445e-09,3.3998499520697544e-09,1.3070443782924818e-08,1.7928911173593752e-09
-1.1161971500209257e-08,-6.135273159420713e-09,-3.243892157975578e-09,-1.0920884429416188e-09,-3.5898834808747077e-09,1.0436220292120434e-08,9.41394912409546e-10,1.903826730921235e-08,6.091503904533577e-09,8.408098625784495e-09,-2.570591532845433e-10,6.78025223990433e-09,9.479603066717445e-09,3.3998499520697544e-09,1.3070443782924818e-08,1.7928911173593752e-09
-1.1161971500209257e-08,-6.135273159420714e-09,-3.2438921579755778e-09,-1.0920884429416188e-09,-3.589883480874708e-09,1.0436220292120434e-08,9.41394912409546e-10,1.903826730921235e-08,6.091503904533577e-09,8.408098625784493e-09,-2.570591532845433e-10,6.78025223990433e-09,9.479603066717445e-09,3.3998499520697544e-09,1.3070443782924816e-08,1.792891117359375e-09
-1.1161971500209257e-08,-6.135273159420714e-09,-3.2438921579755778e-09,-1.0920884429416188e-09,-3.589883480874708e-09,1.0436220292120434e-08,9.41394912409546e-10,1.903826730921235e-08,6.091503904533577e-09,8.408098625784493e-09,-2.570591532845433e-10,6.78025223990433e-09,9.479603066717445e-09,3.3998499520697544e-09,1.3070443782924816e-08,1.792891117359375e-09
-1.1161971500209257e-08,-6.135273159420715e-09,-3.243892157975578e-09,-1.0920884429416188e-09,-3.5898834808747077e-09,1.0436220292120434e-08,9.41394912409546e-10,1.903826730921235e-08,6.091503904533577e-09,8.408098625784493e-09,-2.570591532845433e-10,6.78025223990433e-09,9.479603066717445e-09,3.3998499520697548e-09,1.3070443782924816e-08,1.7928911173593752e-09
-1.1161971500209257e-08,-6.135273159420715e-09,-3.243892157975578e-09,-1.0920884429416188e-09,-3.5898834808747077e-09,1.0436220292120434e-08,9.41394912409546e-10,1.903826730921235e-08,6.091503904533577e-09,8.408098625784493e-09,-2.570591532845433e-10,6.78025223990433e-09,9.479603066717445e-09,3.3998499520697548e-09,1.3070443782924816e-08,1.7928911173593752e-09
-1.1161971500209257e-08,-6.135273159420715e-09,-3.243892157975578e-09,-1.0920884429416188e-09,-3.5898834808747077e-09,1.0436220292120434e-08,9.41394912409546e-10,1.903826730921235e-08,6.091503904533577e-09,8.408098625784493e-09,-2.570591532845433e-10,6.78025223990433e-09,9.479603066717445e-09,3.3998499520697548e-09,1.3070443782924816e-08,1.7928911173593752e-09
-1.1161971500209257e-08,-6.135273159420713e-09,-3.243892157975578e-09,-1.0920884429416188e-09,-3.5898834808747077e-09,1.0436220292120434e-08,9.41394912409546e-10,1.903826730921235e-08,6.091503904533577e-09,8.408098625784495e-09,-2.570591532845433e-10,6.78025223990433e-09,9.479603066717445e-09,3.3998499520697544e-09,1.3070443782924818e-08,1.7928911173593752e-09
-1.1161971500209257e-08,-6.135273159420713e-09,-3.243892157975578e-09,-1.0920884429416188e-09,-3.5898834808747077e-09,1.0436220292120434e-08,9.413949124095458e-10,1.903826730921235e-08,6.091503904533577e-09,8.408098625784495e-09,-2.570591532845433e-10,6.78025223990433e-09,9.479603066717444e-09,3.3998499520697544e-09,1.3070443782924818e-08,1.7928911173593752e-09
-1.1161971500209257e-08,-6.135273159420713e-09,-3.243892157975578e-09,-1.0920884429416188e-09,-3.5898834808747077e-09,1.0436220292120434e-08,9.413949124095458e-10,1.903826730921235e-08,6.091503904533577e-09,8.408098625784495e-09,-2.570591532845433e-10,6.78025223990433e-09,9.479603066717444e-09,3.3998499520697544e-09,1.3070443782924818e-08,1.7928911173593752e-09
-1.1161971500209257e-08,-6.135273159420713e-09,-3.243892157975578e-09,-1.0920884429416188e-09,-3.5898834808747077e-09,1.0436220292120434e-08,9.413949124095458e-10,1.903826730921235e-08,6.091503904533577e-09,8.408098625784495e-09,-2.570591532845433e-10,6.78025223990433e-09,9.479603066717444e-09,3.3998499520697544e-09,1.3070443782924818e-08,1.7928911173593752e-09
-1.1161971500209257e-08,-6.135273159420713e-09,-3.243892157975578e-09,-1.0920884429416188e-09,-3.5898834808747077e-09,1.0436220292120434e-08,9.413949124095458e-10,1.903826730921235e-08,6.091503904533577e-09,8.408098625784495e-09,-2.570591532845433e-10,6.78025223990433e-09,9.479603066717444e-09,3.3998499520697544e-09,1.3070443782924818e-08,1.7928911173593752e-09
-1.1161971500209257e-08,-6.135273159420713e-09,-3.243892157975578e-09,-1.0920884429416188e-09,-3.5898834808747077e-09,1.0436220292120434e-08,9.413949124095458e-10,1.903826730921235e-08,6.091503904533577e-09,8.408098625784495e-09,-2.570591532845433e-10,6.78025223990433e-09,9.479603066717444e-09,3.3998499520697544e-09,1.3070443782924818e-08,1.7928911173593752e-09
-1.1161971500209257e-08,-6.135273159420713e-09,-3.243892157975578e-09,-1.0920884429416188e-09,-3.5898834808747077e-09,1.0436220292120434e-08,9.413949124095458e-10,1.903826730921235e-08,6.091503904533577e-09,8.408098625784495e-09,-2.570591532845433e-10,6.78025223990433e-09,9.479603066717444e-09,3.3998499520697544e-09,1.3070443782924818e-08,1.7928911173593752e-09
6.647524772456147e-09,4.0346246628022864e-09,-1.4712095467479218e-08,-2.66979645352362e-09,-1.154576513450804e-09,-1.973402532022451e-08,4.258793302678217e-09,1.6760616268479044e-08,-4.3653191949108045e-10,3.6044820221328317e-09,-6.87924421131451e-09,-1.8394807713415612e-08,-1.1171323208423288e-09,2.3296446931358357e-09,-1.0409748935573524e-08,1.2243566277393108e-09
6.647524772456147e-09,4.0346246628022864e-09,-1.4712095467479218e-08,-2.66979645352362e-09,-1.154576513450804e-09,-1.973402532022451e-08,4.258793302678217e-09,1.6760616268479044e-08,-4.3653191949108045e-10,3.6044820221328317e-09,-6.87924421131451e-09,-1.8394807713415612e-08,-1.1171323208423288e-09,2.3296446931358357e-09,-1.0409748935573524e-08,1.2243566277393108e-09
6.647524772456147e-09,4.0346246628022864e-09,-1.4712095467479218e-08,-2.66979645352362e-09,-1.154576513450804e-09,-1.973402532022451e-08,4.258793302678217e-09,1.6760616268479044e-08,-4.3653191949108045e-10,3.6044820221328317e-09,-6.87924421131451e-09,-1.8394807713415612e-08,-1.1171323208423288e-09,2.3296446931358357e-09,-1.0409748935573524e-08,1.2243566277393108e-09
6.647524772456146e-09,4.0346246628022864e-09,-1.471209546747922e-08,-2.66979645352362e-09,-1.154576513450804e-09,-1.973402532022451e-08,4.258793302678217e-09,1.6760616268479044e-08,-4.365319194910804e-10,3.6044820221328313e-09,-6.879244211314509e-09,-1.8394807713415612e-08,-1.1171323208423288e-09,2.3296446931358357e-09,-1.0409748935573524e-08,1.2243566277393108e-09
6.647524772456146e-09,4.0346246628022864e-09,-1.471209546747922e-08,-2.66979645352362e-09,-1.154576513450804e-09,-1.973402532022451e-08,4.258793302678217e-09,1.6760616268479044e-08,-4.365319194910804e-10,3.6044820221328313e-09,-6.879244211314509e-09,-1.8394807713415612e-08,-1.1171323208423288e-09,2.3296446931358357e-09,-1.0409748935573524e-08,1.2243566277393108e-09
6.647524772456146e-09,4.0346246628022864e-09,-1.471209546747922e-08,-2.66979645352362e-09,-1.154576513450804e-09,-1.973402532022451e-08,4.258793302678217e-09,1.6760616268479044e-08,-4.365319194910804e-10,3.6044820221328313e-09,-6.879244211314509e-09,-1.8394807713415612e-08,-1.1171323208423288e-09,2.3296446931358357e-09,-1.0409748935573524e-08,1.2243566277393108e-09
6.647524772456146e-09,4.0346246628022864e-09,-1.471209546747922e-08,-2.66979645352362e-09,-1.154576513450804e-09,-1.973402532022451e-08,4.258793302678217e-09,1.6760616268479044e-08,-4.365319194910804e-10,3.6044820221328313e-09,-6.879244211314509e-09,-1.8394807713415612e-08,-1.1171323208423288e-09,2.3296446931358357e-09,-1.0409748935573524e-08,1.2243566277393108e-09
6.647524772456147e-09,4.0346246628022864e-09,-1.4712095467479218e-08,-2.66979645352362e-09,-1.154576513450804e-09,-1.973402532022451e-08,4.258793302678217e-09,1.6760616268479044e-08,-4.3653191949108045e-10,3.6044820221328317e-09,-6.87924421131451e-09,-1.8394807713415612e-08,-1.1171323208423288e-09,2.3296446931358357e-09,-1.0409748935573524e-08,1.2243566277393108e-09
6.647524772456147e-09,4.0346246628022864e-09,-1.4712095467479218e-08,-2.66979645352362e-09,-1.154576513450804e-09,-1.973402532022451e-08,4.258793302678217e-09,1.6760616268479044e-08,-4.3653191949108045e-10,3.6044820221328317e-09,-6.87924421131451e-09,-1.8394807713415612e-08,-1.1171323208423288e-09,2.3296446931358357e-09,-1.0409748935573524e-08,1.2243566277393108e-09
6.647524772456147e-09,4.0346246628022864e-09,-1.4712095467479218e-08,-2.66979645352362e-09,-1.154576513450804e-09,-1.973402532022451e-08,4.258793302678217e-09,1.6760616268479044e-08,-4.3653191949108045e-10,3.6044820221328317e-09,-6.87924421131451e-09,-1.8394807713415612e-08,-1.1171323208423288e-09,2.3296446931358357e-09,-1.0409748935573524e-08,1.2243566277393108e-09
6.647524772456146e-09,4.0346246628022864e-09,-1.471209546747922e-08,-2.66979645352362e-09,-1.154576513450804e-09,-1.973402532022451e-08,4.258793302678217e-09,1.6760616268479044e-08,-4.365319194910804e-10,3.6044820221328313e-09,-6.879244211314509e-09,-1.8394807713415612e-08,-1.1171323208423288e-09,2.3296446931358357e-09,-1.0409748935573524e-08,1.2243566277393108e-09
6.647524772456146e-09,4.0346246628022864e-09,-1.471209546747922e-08,-2.66979645352362e-09,-1.154576513450804e-09,-1.973402532022451e-08,4.258793302678217e-09,1.6760616268479044e-08,-4.365319194910804e-10,3.6044820221328313e-09,-6.879244211314509e-09,-1.8394807713415612e-08,-1.1171323208423288e-09,2.3296446931358357e-09,-1.0409748935573524e-08,1.2243566277393108e-09
6.647524772456146e-09,4.0346246628022864e-09,-1.471209546747922e-08,-2.66979645352362e-09,-1.154576513450804e-09,-1.973402532022451e-08,4.258793302678217e-09,1.6760616268479044e-08,-4.365319194910804e-10,3.6044820221328313e-09,-6.879244211314509e-09,-1.8394807713415612e-08,-1.1171323208423288e-09,2.3296446931358357e-09,-1.0409748935573524e-08,1.2243566277393108e-09
6.647524772456146e-09,4.0346246628022864e-09,-1.471209546747922e-08,-2.66979645352362e-09,-1.154576513450804e-09,-1.973402532022451e-08,4.258793302678217e-09,1.6760616268479044e-08,-4.365319194910804e-10,3.6044820221328313e-09,-6.879244211314509e-09,-1.8394807713415612e-08,-1.1171323208423288e-09,2.3296446931358357e-09,-1.0409748935573524e-08,1.2243566277393108e-09
-1.3953956410489576e-09,-7.198326693972725e-10,-1.059028314903676e-08,-4.3718210778383626e-09,-3.4935202745424445e-09,-8.624167173280905e-09,1.5171984529248796e-09,2.1506079613030708e-08,1.4542406067546977e-09,6.4021046458986874e-09,-7.061992311300596e-09,-1.0469138149911868e-08,2.939076140332879e-09,4.331213207242149e-09,5.790607704563487e-10,-4.495207855254035e-10
-1.3953956410489576e-09,-7.198326693972725e-10,-1.059028314903676e-08,-4.3718210778383626e-09,-3.4935202745424445e-09,-8.624167173280905e-09,1.5171984529248796e-09,2.1506079613030708e-08,1.4542406067546977e-09,6.4021046458986874e-09,-7.061992311300596e-09,-1.0469138149911868e-08,2.939076140332879e-09,4.331213207242149e-09,5.790607704563487e-10,-4.495207855254035e-10
-1.3953956410489576e-09,-7.198326693972725e-10,-1.059028314903676e-08,-4.3718210778383626e-09,-3.4935202745424445e-09,-8.624167173280905e-09,1.5171984529248796e-09,2.1506079613030708e-08,1.4542406067546977e-09,6.4021046458986874e-09,-7.061992311300596e-09,-1.0469138149911868e-08,2.939076140332879e-09,4.331213207242149e-09,5.790607704563487e-10,-4.495207855254035e-10
-1.3953956410489576e-09,-7.198326693972725e-10,-1.059028314903676e-08,-4.3718210778383626e-09,-3.4935202745424445e-09,-8.624167173280905e-09,1.5171984529248796e-09,2.1506079613030708e-08,1.4542406067546977e-09,6.4021046458986874e-09,-7.061992311300596e-09,-1.0469138149911868e-08,2.939076140332879e-09,4.331213207242149e-09,5.790607704563487e-10,-4.495207855254035e-10
-1.3953956410489576e-09,-7.198326693972725e-10,-1.059028314903676e-08,-4.3718210778383626e-09,-3.493520274542444e-09,-8.624167173280905e-09,1.5171984529248798e-09,2.1506079613030705e-08,1.4542406067546974e-09,6.4021046458986874e-09,-7.061992311300595e-09,-1.0469138149911867e-08,2.939076140332879e-09,4.33121320724215e-09,5.790607704563487e-10,-4.4952078552540356e-10
-1.3953956410489576e-09,-7.198326693972725e-10,-1.059028314903676e-08,-4.3718210778383626e-09,-3.493520274542444e-09,-8.624167173280905e-09,1.5171984529248798e-09,2.1506079613030705e-08,1.4542406067546974e-09,6.4021046458986874e-09,-7.061992311300595e-09,-1.0469138149911867e-08,2.939076140332879e-09,4.33121320724215e-09,5.790607704563487e-10,-4.4952078552540356e-10
-1.3953956410489576e-09,-7.198326693972725e-10,-1.059028314903676e-08,-4.3718210778383626e-09,-3.493520274542444e-09,-8.624167173280905e-09,1.5171984529248798e-09,2.1506079613030705e-08,1.4542406067546974e-09,6.4021046458986874e-09,-7.061992311300595e-09,-1.0469138149911867e-08,2.939076140332879e-09,4.33121320724215e-09,5.790607704563487e-10,-4.4952078552540356e-10
-1.3953956410489576e-09,-7.198326693972725e-10,-1.059028314903676e-08,-4.3718210778383626e-09,-3.493520274542444e-09,-8.624167173280905e-09,1.5171984529248798e-09,2.1506079613030705e-08,1.4542406067546974e-09,6.4021046458986874e-09,-7.061992311300595e-09,-1.0469138149911867e-08,2.939076140332879e-09,4.33121320724215e-09,5.790607704563487e-10,-4.4952078552540356e-10
-1.3953956410489576e-09,-7.198326693972725e-10,-1.059028314903676e-08,-4.3718210778383626e-09,-3.493520274542444e-09,-8.624167173280905e-09,1.5171984529248798e-09,2.1506079613030705e-08,1.4542406067546974e-09,6.4021046458986874e-09,-7.061992311300595e-09,-1.0469138149911867e-08,2.939076140332879e-09,4.33121320724215e-09,5.790607704563487e-10,-4.4952078552540356e-10
-1.3953956410489576e-09,-7.198326693972725e-10,-1.059028314903676e-08,-4.3718210778383626e-09,-3.493520274542444e-09,-8.624167173280905e-09,1.5171984529248798e-09,2.1506079613030705e-08,1.4542406067546974e-09,6.4021046458986874e-09,-7.061992311300595e-09,-1.0469138149911867e-08,2.939076140332879e-09,4.33121320724215e-09,5.790607704563487e-10,-4.4952078552540356e-10
-3.8617290470671043e-08,-1.746429258500659e-08,-1.694640955737395e-08,-5.105320876618223e-09,-1.2224292775637726e-08,3.4795480050576836e-08,8.827788526962913e-09,7.438479531127096e-08,2.473302034358693e-08,3.337496280566699e-08,-6.2327000197830755e-09,1.9870894722321238e-08,3.056014301289608e-08,1.4281227366174911e-08,4.678435989890543e-08,1.0913715859363149e-08
-3.8617290470671043e-08,-1.746429258500659e-08,-1.694640955737395e-08,-5.105320876618223e-09,-1.2224292775637726e-08,3.4795480050576836e-08,8.827788526962913e-09,7.438479531127096e-08,2.473302034358693e-08,3.337496280566699e-08,-6.2327000197830755e-09,1.9870894722321238e-08,3.056014301289608e-08,1.4281227366174911e-08,4.678435989890543e-08,1.0913715859363149e-08
-3.8617290470671043e-08,-1.746429258500659e-08,-1.694640955737395e-08,-5.105320876618223e-09,-1.2224292775637726e-08,3.4795480050576836e-08,8.827788526962913e-09,7.438479531127096e-08,2.473302034358693e-08,3.337496280566699e-08,-6.2327000197830755e-09,1.9870894722321238e-08,3.056014301289608e-08,1.4281227366174911e-08,4.678435989890543e-08,1.0913715859363149e-08
-3.8617290470671043e-08,-1.746429258500659e-08,-1.694640955737395e-08,-5.105320876618223e-09,-1.2224292775637726e-08,3.4795480050576836e-08,8.827788526962913e-09,7.438479531127096e-08,2.473302034358693e-08,3.337496280566699e-08,-6.2327000197830755e-09,1.9870894722321238e-08,3.056014301289608e-08,1.4281227366174911e-08,4.678435989890543e-08,1.0913715859363149e-08
-5.851319862054011e-08,-2.5666830757997694e-08,-4.5646777371183016e-08,-1.400003348369808e-08,-2.3900701491271798e-08,4.4709195124554e-08,6.097741130480941e-09,1.269790539154977e-07,3.186443101044212e-08,5.607399104466307e-08,-3.087866540505519e-09,1.9483996063377314e-08,5.853773251381023e-08,2.4679909508825732e-08,6.618974566506761e-08,1.0111581727677092e-08
-5.851319862054011e-08,-2.5666830757997694e-08,-4.5646777371183016e-08,-1.400003348369808e-08,-2.3900701491271798e-08,4.4709195124554e-08,6.097741130480941e-09,1.269790539154977e-07,3.186443101044212e-08,5.607399104466307e-08,-3.087866540505519e-09,1.9483996063377314e-08,5.853773251381023e-08,2.4679909508825732e-08,6.618974566506761e-08,1.0111581727677092e-08
-5.851319862054011e-08,-2.5666830757997694e-08,-4.5646777371183016e-08,-1.400003348369808e-08,-2.3900701491271798e-08,4.4709195124554e-08,6.097741130480941e-09,1.269790539154977e-07,3.186443101044212e-08,5.607399104466307e-08,-3.087866540505519e-09,1.9483996063377314e-08,5.853773251381023e-08,2.4679909508825732e-08,6.618974566506761e-08,1.0111581727677092e-08
4.534785686023668e-08,2.458060972126974e-08,-8.466467936452116e-08,-2.1440963855062778e-08,-8.431068380769513e-09,-1.3036872729098314e-07,2.0023192270901546e-08,9.812942352834322e-08,-9.523161152019677e-09,1.6918571842973462e-08,-5.0028269416024784e-08,-1.2181431340713145e-07,-1.431870156470838e-08,1.5529446930652446e-08,-6.783975397238462e-08,-6.725427471876433e-10
4.534785686023668e-08,2.458060972126974e-08,-8.466467936452116e-08,-2.1440963855062778e-08,-8.431068380769513e-09,-1.3036872729098314e-07,2.0023192270901546e-08,9.812942352834322e-08,-9.523161152019677e-09,1.6918571842973462e-08,-5.0028269416024784e-08,-1.2181431340713145e-07,-1.431870156470838e-08,1.5529446930652446e-08,-6.783975397238462e-08,-6.725427471876433e-10
4.534785686023668e-08,2.458060972126974e-08,-8.466467936452116e-08,-2.1440963855062778e-08,-8.431068380769513e-09,-1.3036872729098314e-07,2.0023192270901546e-08,9.812942352834322e-08,-9.523161152019677e-09,1.6918571842973462e-08,-5.0028269416024784e-08,-1.2181431340713145e-07,-1.431870156470838e-08,1.5529446930652446e-08,-6.783975397238462e-08,-6.725427471876433e-10
4.534785686023668e-08,2.458060972126974e-08,-8.466467936452116e-08,-2.1440963855062778e-08,-8.431068380769513e-09,-1.3036872729098314e-07,2.0023192270901546e-08,9.812942352834322e-08,-9.523161152019677e-09,1.6918571842973462e-08,-5.0028269416024784e-08,-1.2181431340713145e-07,-1.431870156470838e-08,1.5529446930652446e-08,-6.783975397238462e-08,-6.725427471876433e-10
-1.1376088720864429e-08,6.171063930693332e-09,-6.258656609636759e-08,-1.0358209828406628e-08,-1.0535180552159046e-08,-1.587130387704916e-08,2.000112882035582e-08,9.221219469724741e-08,1.851368151978283e-08,3.799350035862785e-08,-1.2241957017544713e-08,-2.767202905637478e-08,2.4287022808849865e-08,1.666881601688347e-08,8.070230406512224e-09,1.703807949067493e-08
-1.1376088720864429e-08,6.171063930693332e-09,-6.258656609636759e-08,-1.0358209828406628e-08,-1.0535180552159046e-08,-1.587130387704916e-08,2.000112882035582e-08,9.221219469724741e-08,1.851368151978283e-08,3.799350035862785e-08,-1.2241957017544713e-08,-2.767202905637478e-08,2.4287022808849865e-08,1.666881601688347e-08,8.070230406512224e-09,1.703807949067493e-08
-1.1376088720864429e-08,6.171063930693332e-09,-6.258656609636759e-08,-1.0358209828406628e-08,-1.0535180552159046e-08,-1.587130387704916e-08,2.000112882035582e-08,9.221219469724741e-08,1.851368151978283e-08,3.799350035862785e-08,-1.2241957017544713e-08,-2.767202905637478e-08,2.4287022808849865e-08,1.666881601688347e-08,8.070230406512224e-09,1.703807949067493e-08
-1.1376088720864429e-08,6.171063930693332e-09,-6.258656609636759e-08,-1.0358209828406628e-08,-1.0535180552159046e-08,-1.587130387704916e-08,2.000112882035582e-08,9.221219469724741e-08,1.851368151978283e-08,3.799350035862785e-08,-1.2241957017544713e-08,-2.767202905637478e-08,2.4287022808849865e-08,1.666881601688347e-08,8.070230406512224e-09,1.703807949067493e-08
2.2335708250303955e-08,-2.4433857437333728e-08,-3.473935422659835e-08,-3.499402752155101e-08,-2.6333552135757166e-08,-1.4007592775977518e-07,-1.0507102831541769e-08,1.3805237487566486e-07,-1.9100163081708922e-08,9.319300731287783e-09,-8.477777840854017e-08,-1.264920091198496e-07,-1.2371467153493579e-08,2.3061263762502727e-08,-4.081366052344215e-08,-4.017057710775651e-08
-6.60017515488609e-07,-2.937153252280389e-07,-4.094519406860897e-07,-1.2484276791513427e-07,-2.411985511527326e-07,5.466190111519387e-07,1.0720875499858895e-07,1.3569526859831538e-06,3.8905074881134816e-07,6.034436487133144e-07,-6.838879940129772e-08,2.758711341588338e-07,5.9570753918603e-07,2.6232927598235367e-07,7.714133531816492e-07,1.4797921724096774e-07
6.368488688554552e-07,2.939657235134785e-07,1.2436632207402099e-07,4.841590107995675e-08,1.7272427680833924e-07,-7.501801544199105e-07,-3.771134254870745e-08,-8.500515323184993e-07,-3.3409618581392575e-07,-4.4215034654751517e-07,-6.535680707742131e-08,-5.130512595041825e-07,-5.109309151041241e-07,-1.7259274815231707e-07,-7.799460920790424e-07,-1.1999747638602454e-07
5.792161658288442e-09,-6.259957135990035e-11,7.127140465301718e-08,1.910671670879438e-08,1.7118568586098337e-08,5.089028581699295e-08,-1.7374353112470375e-08,-1.2672528841616362e-07,-1.3738640749355602e-08,-4.0323325541449795e-08,3.3436401619679756e-08,5.929503133633718e-08,-2.1194156020476473e-08,-2.243413195750915e-08,2.1331847243483137e-09,-6.995435213735801e-09
5.792161658288442e-09,-6.259957135990035e-11,7.127140465301718e-08,1.910671670879438e-08,1.7118568586098337e-08,5.089028581699295e-08,-1.7374353112470375e-08,-1.2672528841616362e-07,-1.3738640749355602e-08,-4.0323325541449795e-08,3.3436401619679756e-08,5.929503133633718e-08,-2.1194156020476473e-08,-2.243413195750915e-08,2.1331847243483137e-09,-6.995435213735801e-09
5.792161658288442e-09,-6.259957135990035e-11,7.127140465301718e-08,1.910671670879438e-08,1.7118568586098337e-08,5.089028581699295e-08,-1.7374353112470375e-08,-1.2672528841616362e-07,-1.3738640749355602e-08,-4.0323325541449795e-08,3.3436401619679756e-08,5.929503133633718e-08,-2.1194156020476473e-08,-2.243413195750915e-08,2.1331847243483137e-09,-6.995435213735801e-09
5.792161658288442e-09,-6.259957135990035e-11,7.127140465301718e-08,1.910671670879438e-08,1.7118568586098337e-08,5.089028581699295e-08,-1.7374353112470375e-08,-1.2672528841616362e-07,-1.3738640749355602e-08,-4.0323325541449795e-08,3.3436401619679756e-08,5.929503133633718e-08,-2.1194156020476473e-08,-2.243413195750915e-08,2.1331847243483137e-09,-6.995435213735801e-09
5.127884158233342e-08,2.854858667522553e-08,3.991088742827387e-08,1.6235901913186358e-08,2.4488804618687243e-08,-2.2205596302699027e-08,-7.182879111292119e-09,-1.360881196445403e-07,-2.9237535220660858e-08,-5.184018751465749e-08,1.9828696351531505e-08,-1.9072596599278848e-09,-4.758038373992024e-08,-2.5704316958946594e-08,-5.748216934456374e-08,-5.636505252121227e-09
5.127884158233342e-08,2.854858667522553e-08,3.991088742827387e-08,1.6235901913186358e-08,2.4488804618687243e-08,-2.2205596302699027e-08,-7.182879111292119e-09,-1.360881196445403e-07,-2.9237535220660858e-08,-5.184018751465749e-08,1.9828696351531505e-08,-1.9072596599278848e-09,-4.758038373992024e-08,-2.5704316958946594e-08,-5.748216934456374e-08,-5.636505252121227e-09
7.630333501845721e-09,-2.770517112023659e-09,5.949243144417101e-08,1.3095522905422669e-08,1.2290555172558837e-08,2.9671817641796494e-08,-1.6611325303478306e-08,-9.730554805040489e-08,-1.4334365452950415e-08,-3.480747817781229e-08,2.030149272765532e-08,3.865202684120532e-08,-2.0213857257478374e-08,-1.7379087988618942e-08,-2.6386869698506253e-09,-1.0681562090849214e-08
7.630333501845721e-09,-2.770517112023659e-09,5.949243144417101e-08,1.3095522905422669e-08,1.2290555172558837e-08,2.9671817641796494e-08,-1.6611325303478306e-08,-9.730554805040489e-08,-1.4334365452950415e-08,-3.480747817781229e-08,2.030149272765532e-08,3.865202684120532e-08,-2.0213857257478374e-08,-1.7379087988618942e-08,-2.6386869698506253e-09,-1.0681562090849214e-08
7.630333501845721e-09,-2.770517112023659e-09,5.949243144417101e-08,1.3095522905422669e-08,1.2290555172558837e-08,2.9671817641796494e-08,-1.6611325303478306e-08,-9.730554805040489e-08,-1.4334365452950415e-08,-3.480747817781229e-08,2.030149272765532e-08,3.865202684120532e-08,-2.0213857257478374e-08,-1.7379087988618942e-08,-2.6386869698506253e-09,-1.0681562090849214e-08
2.0392200954175616e-08,2.6872226712345206e-09,4.726008574299871e-08,9.416936275613111e-09,1.1828879488331306e-08,2.5673307808375326e-10,-1.4310495802249967e-08,-8.653913847957335e-08,-1.9153860375079972e-08,-3.5919427633067845e-08,1.0083431753922975e-08,1.292020258836235e-08,-2.7080817294652025e-08,-1.597198725665147e-08,-2.043606259910513e-08,-1.2937135365880446e-08
2.0392200954175616e-08,2.6872226712345206e-09,4.726008574299871e-08,9.416936275613111e-09,1.1828879488331306e-08,2.5673307808375326e-10,-1.4310495802249967e-08,-8.653913847957335e-08,-1.9153860375079972e-08,-3.5919427633067845e-08,1.0083431753922975e-08,1.292020258836235e-08,-2.7080817294652025e-08,-1.597198725665147e-08,-2.043606259910513e-08,-1.2937135365880446e-08
2.0392200954175616e-08,2.6872226712345206e-09,4.726008574299871e-08,9.416936275613111e-09,1.1828879488331306e-08,2.5673307808375326e-10,-1.4310495802249967e-08,-8.653913847957335e-08,-1.9153860375079972e-08,-3.5919427633067845e-08,1.0083431753922975e-08,1.292020258836235e-08,-2.7080817294652025e-08,-1.597198725665147e-08,-2.043606259910513e-08,-1.2937135365880446e-08
2.0392200954175616e-08,2.6872226712345206e-09,4.726008574299871e-08,9.416936275613111e-09,1.1828879488331306e-08,2.5673307808375326e-10,-1.4310495802249967e-08,-8.653913847957335e-08,-1.9153860375079972e-08,-3.5919427633067845e-08,1.0083431753922975e-08,1.292020258836235e-08,-2.7080817294652025e-08,-1.597198725665147e-08,-2.043606259910513e-08,-1.2937135365880446e-08
2.193993992675077e-08,1.9018365664721003e-08,3.462936310853297e-08,1.704531372009414e-08,1.9266878400862886e-08,2.178866400382821e-08,-3.478875462009645e-09,-1.0896816476100094e-07,-1.2431362649926541e-08,-3.221254951524024e-08,3.011407193516854e-08,3.023037542515539e-08,-2.3739535036833757e-08,-1.9828974428572066e-08,-2.0568074601129416e-08,4.215422343365839e-09
2.193993992675077e-08,1.9018365664721003e-08,3.462936310853297e-08,1.704531372009414e-08,1.9266878400862886e-08,2.178866400382821e-08,-3.478875462009645e-09,-1.0896816476100094e-07,-1.2431362649926541e-08,-3.221254951524024e-08,3.011407193516854e-08,3.023037542515539e-08,-2.3739535036833757e-08,-1.9828974428572066e-08,-2.0568074601129416e-08,4.215422343365839e-09
1.398382809294853e-07,1.320393921521485e-07,-1.4503356150972838e-08,-3.0476380318199067e-09,4.965951169920237e-08,-8.106661575952539e-08,4.5515208318572626e-10,-2.657742913681621e-07,-7.170722106573736e-08,-8.23783049607293e-08,2.2336606485064336e-08,-7.096978296507383e-08,-1.199096349138332e-07,-2.9207478706686733e-08,-1.4721452268428343e-07,2.8761445645754594e-09
4.8741752308644904e-08,1.0642381793615102e-08,3.207379617850162e-08,1.0133421282808372e-08,1.4719127381303596e-08,-5.853329546073738e-08,-8.12697521093631e-09,-7.831563023317592e-08,-2.8223626190447882e-08,-4.4358837798813424e-08,-3.5543237295175883e-09,-3.2000724709321935e-08,-4.149497497492525e-08,-1.9294421556367254e-08,-6.165088206710229e-08,-1.5366951517817706e-08
4.8741752308644904e-08,1.0642381793615102e-08,3.207379617850162e-08,1.0133421282808372e-08,1.4719127381303596e-08,-5.853329546073738e-08,-8.12697521093631e-09,-7.831563023317592e-08,-2.8223626190447882e-08,-4.4358837798813424e-08,-3.5543237295175883e-09,-3.2000724709321935e-08,-4.149497497492525e-08,-1.9294421556367254e-08,-6.165088206710229e-08,-1.5366951517817706e-08
4.874175230864491e-08,1.0642381793615102e-08,3.207379617850162e-08,1.0133421282808374e-08,1.4719127381303594e-08,-5.8533295460737375e-08,-8.12697521093631e-09,-7.831563023317593e-08,-2.822362619044788e-08,-4.4358837798813424e-08,-3.5543237295175883e-09,-3.2000724709321935e-08,-4.1494974974925255e-08,-1.9294421556367254e-08,-6.165088206710229e-08,-1.5366951517817703e-08
4.874175230864491e-08,1.0642381793615102e-08,3.207379617850162e-08,1.0133421282808374e-08,1.4719127381303594e-08,-5.8533295460737375e-08,-8.12697521093631e-09,-7.831563023317593e-08,-2.822362619044788e-08,-4.4358837798813424e-08,-3.5543237295175883e-09,-3.2000724709321935e-08,-4.1494974974925255e-08,-1.9294421556367254e-08,-6.165088206710229e-08,-1.5366951517817703e-08
4.874175230864491e-08,1.0642381793615102e-08,3.207379617850162e-08,1.0133421282808374e-08,1.4719127381303594e-08,-5.8533295460737375e-08,-8.12697521093631e-09,-7.831563023317593e-08,-2.822362619044788e-08,-4.4358837798813424e-08,-3.5543237295175883e-09,-3.2000724709321935e-08,-4.1494974974925255e-08,-1.9294421556367254e-08,-6.165088206710229e-08,-1.5366951517817703e-08
4.874175230864491e-08,1.0642381793615102e-08,3.207379617850162e-08,1.0133421282808374e-08,1.4719127381303594e-08,-5.853329546073738e-08,-8.12697521093631e-09,-7.831563023317593e-08,-2.822362619044788e-08,-4.4358837798813424e-08,-3.5543237295175883e-09,-3.2000724709321935e-08,-4.1494974974925255e-08,-1.9294421556367254e-08,-6.165088206710229e-08,-1.5366951517817703e-08
2.5283512318981113e-09,4.431184608638167e-09,2.24721318826065e-08,9.028363560783691e-09,8.253479189271645e-09,2.4377903276836834e-08,-3.3638683117418674e-09,-5.219893022808521e-08,-3.162460892905646e-09,-1.3652060710210578e-08,1.762159336567779e-08,2.6282785805066166e-08,-6.7957070280410085e-09,-9.209771758708945e-09,7.397002628473093e-10,2.134175661163241e-09
2.5283512318981113e-09,4.431184608638167e-09,2.24721318826065e-08,9.028363560783691e-09,8.253479189271645e-09,2.4377903276836834e-08,-3.3638683117418674e-09,-5.219893022808521e-08,-3.162460892905646e-09,-1.3652060710210578e-08,1.762159336567779e-08,2.6282785805066166e-08,-6.7957070280410085e-09,-9.209771758708945e-09,7.397002628473093e-10,2.134175661163241e-09
2.5283512318981113e-09,4.431184608638167e-09,2.24721318826065e-08,9.028363560783691e-09,8.253479189271645e-09,2.4377903276836834e-08,-3.3638683117418674e-09,-5.219893022808521e-08,-3.162460892905646e-09,-1.3652060710210578e-08,1.762159336567779e-08,2.6282785805066166e-08,-6.7957070280410085e-09,-9.209771758708945e-09,7.397002628473093e-10,2.134175661163241e-09
2.5283512318981113e-09,4.431184608638167e-09,2.24721318826065e-08,9.028363560783691e-09,8.253479189271645e-09,2.4377903276836834e-08,-3.3638683117418674e-09,-5.219893022808521e-08,-3.162460892905646e-09,-1.3652060710210578e-08,1.762159336567779e-08,2.6282785805066166e-08,-6.7957070280410085e-09,-9.209771758708945e-09,7.397002628473093e-10,2.134175661163241e-09
1.865034529365903e-09,-2.567876674284611e-09,2.7885298725948962e-08,5.759058941720394e-09,5.065765369615253e-09,1.514993288008921e-08,-8.005991314702005e-09,-4.2586490393187664e-08,-6.043531346542831e-09,-1.5240722760708125e-08,9.037033288001122e-09,1.8864140303583435e-08,-8.227685138534551e-09,-7.55677725645726e-09,7.962768351434311e-10,-5.21692049994231e-09
1.865034529365903e-09,-2.567876674284611e-09,2.7885298725948962e-08,5.759058941720394e-09,5.065765369615253e-09,1.514993288008921e-08,-8.005991314702005e-09,-4.2586490393187664e-08,-6.043531346542831e-09,-1.5240722760708125e-08,9.037033288001122e-09,1.8864140303583435e-08,-8.227685138534551e-09,-7.55677725645726e-09,7.962768351434311e-10,-5.21692049994231e-09
1.865034529365903e-09,-2.567876674284611e-09,2.7885298725948962e-08,5.759058941720394e-09,5.065765369615253e-09,1.514993288008921e-08,-8.005991314702005e-09,-4.2586490393187664e-08,-6.043531346542831e-09,-1.5240722760708125e-08,9.037033288001122e-09,1.8864140303583435e-08,-8.227685138534551e-09,-7.55677725645726e-09,7.962768351434311e-10,-5.21692049994231e-09
1.865034529365903e-09,-2.567876674284611e-09,2.7885298725948962e-08,5.759058941720394e-09,5.065765369615253e-09,1.514993288008921e-08,-8.005991314702005e-09,-4.2586490393187664e-08,-6.043531346542831e-09,-1.5240722760708125e-08,9.037033288001122e-09,1.8864140303583435e-08,-8.227685138534551e-09,-7.55677725645726e-09,7.962768351434311e-10,-5.21692049994231e-09
1.865034529365903e-09,-2.567876674284611e-09,2.7885298725948962e-08,5.759058941720395e-09,5.0657653696152525e-09,1.514993288008921e-08,-8.005991314702005e-09,-4.258649039318767e-08,-6.043531346542831e-09,-1.5240722760708125e-08,9.037033288001122e-09,1.8864140303583435e-08,-8.227685138534551e-09,-7.556777256457262e-09,7.962768351434312e-10,-5.216920499942309e-09
1.865034529365903e-09,-2.567876674284611e-09,2.7885298725948962e-08,5.759058941720395e-09,5.0657653696152525e-09,1.514993288008921e-08,-8.005991314702005e-09,-4.258649039318767e-08,-6.043531346542831e-09,-1.5240722760708125e-08,9.037033288001122e-09,1.8864140303583435e-08,-8.227685138534551e-09,-7.556777256457262e-09,7.962768351434312e-10,-5.216920499942309e-09
1.865034529365903e-09,-2.567876674284611e-09,2.7885298725948962e-08,5.759058941720395e-09,5.0657653696152525e-09,1.514993288008921e-08,-8.005991314702005e-09,-4.258649039318767e-08,-6.043531346542831e-09,-1.5240722760708125e-08,9.037033288001122e-09,1.8864140303583435e-08,-8.227685138534551e-09,-7.556777256457262e-09,7.962768351434312e-10,-5.216920499942309e-09
-3.955569520194824e-08,-2.4643209292629642e-08,1.5593608401753833e-07,4.054768056385716e-08,2.554963696686785e-08,1.812590131079761e-07,-3.739754538337192e-08,-2.2485471194450685e-07,-4.215479597335925e-09,-5.724189738442326e-08,8.346467103570454e-08,1.8110934474346863e-07,-6.875454455768093e-09,-3.79635788881616e-08,6.997293869673293e-08,-6.322892466548158e-09
-3.955569520194824e-08,-2.4643209292629642e-08,1.5593608401753833e-07,4.054768056385716e-08,2.554963696686785e-08,1.812590131079761e-07,-3.739754538337192e-08,-2.2485471194450685e-07,-4.215479597335925e-09,-5.724189738442326e-08,8.346467103570454e-08,1.8110934474346863e-07,-6.875454455768093e-09,-3.79635788881616e-08,6.997293869673293e-08,-6.322892466548158e-09
1.1584323316576883e-08,-1.251991427198007e-10,1.4254280930603436e-07,3.821343341758876e-08,3.4237137172196674e-08,1.017805716339859e-07,-3.474870622494075e-08,-2.5345057683232725e-07,-2.7477281498711204e-08,-8.064665108289959e-08,6.687280323935951e-08,1.1859006267267436e-07,-4.238831204095295e-08,-4.48682639150183e-08,4.2663694486966275e-09,-1.3990870427471602e-08
-2.9525578779457384e-07,-1.4723326004217885e-07,2.2290245757505822e-07,5.221891629519915e-08,-1.788786405977627e-08,5.786512204779271e-07,-5.064174117552778e-08,-8.187538750540485e-08,1.1209352990954047e-07,5.97818711079584e-08,1.6642401001742968e-07,4.9370575509744e-07,1.7068883347015618e-07,-3.4401537538780724e-09,3.9850578493691446e-07,3.2016997338069064e-08
4.499034789579026e-07,3.7215793508016404e-07,-5.774253387658135e-07,-6.40537375917738e-08,4.354304630055372e-08,-5.774153756382683e-07,-6.640825148118701e-08,-2.9917812670657296e-07,-2.7820054612770484e-07,-9.406586889970647e-08,2.3349263034155854e-07,-5.211971187413234e-07,-2.0997037053493983e-08,-5.57730400960188e-08,-6.533710314587937e-07,-6.135594440848102e-08
1.1248066239359644e-07,6.40113186368511e-08,-6.534795641647644e-08,-1.131709656427652e-08,1.3904930596699006e-08,-1.5930215608792042e-07,-1.7908613401257378e-08,-8.583820746242467e-08,-6.885111786027649e-08,-4.869492357589243e-08,1.0032266179830588e-08,-1.2981441595745954e-07,-4.588226686317679e-08,-1.749449241462281e-08,-1.5356259224231134e-07,-2.916049270917006e-08
1.1248066239359644e-07,6.40113186368511e-08,-6.534795641647644e-08,-1.131709656427652e-08,1.3904930596699006e-08,-1.5930215608792042e-07,-1.7908613401257378e-08,-8.583820746242467e-08,-6.885111786027649e-08,-4.869492357589243e-08,1.0032266179830588e-08,-1.2981441595745954e-07,-4.588226686317679e-08,-1.749449241462281e-08,-1.5356259224231134e-07,-2.916049270917006e-08
-9.58530824157755e-12,5.805633026637984e-08,-1.580167565499539e-07,-9.392675667333851e-09,-6.03833804312115e-09,2.98966243567067e-08,2.6131010619212525e-09,2.2087351571562865e-08,-1.3980373432994216e-09,5.035691270193164e-08,9.66817828111181e-08,-9.697274557426134e-10,8.126601519960659e-08,7.102464781236217e-09,-1.9560331244774146e-08,2.76430132140996e-08
-1.8416840866924966e-07,-1.0065113659196712e-08,-1.8156647169087492e-07,-1.3352891625739716e-08,-4.772847849235373e-08,3.471198439727874e-07,-5.439483900804287e-08,7.917785574927672e-08,4.699414214714981e-08,1.4020509513795743e-07,2.494812575415395e-07,2.395556971956925e-07,2.7360434215473184e-07,2.735096016684424e-08,1.989670382548936e-07,3.0665851483147044e-08
1.5333962805237633e-08,1.7130368405032792e-08,-3.274076499498735e-08,-3.419796812918763e-09,5.495653424524016e-10,-1.621885060889422e-08,-4.812725507181981e-09,-1.154966669720571e-08,-1.1572083657637733e-08,-2.7928381612571385e-11,1.8741256345433666e-08,-1.6944999403634142e-08,7.56589958045284e-09,-1.7596437492869987e-09,-2.440904715416553e-08,-1.917752035299203e-09
1.5333962805237633e-08,1.7130368405032792e-08,-3.274076499498735e-08,-3.419796812918763e-09,5.495653424524016e-10,-1.621885060889422e-08,-4.812725507181981e-09,-1.154966669720571e-08,-1.1572083657637733e-08,-2.7928381612571385e-11,1.8741256345433666e-08,-1.6944999403634142e-08,7.56589958045284e-09,-1.7596437492869987e-09,-2.440904715416553e-08,-1.917752035299203e-09
1.5333962805237633e-08,1.7130368405032792e-08,-3.274076499498735e-08,-3.419796812918763e-09,5.495653424524016e-10,-1.621885060889422e-08,-4.812725507181981e-09,-1.154966669720571e-08,-1.1572083657637733e-08,-2.7928381612571385e-11,1.8741256345433666e-08,-1.6944999403634142e-08,7.56589958045284e-09,-1.7596437492869987e-09,-2.440904715416553e-08,-1.917752035299203e-09
1.5333962805237633e-08,1.7130368405032792e-08,-3.274076499498735e-08,-3.419796812918763e-09,5.495653424524016e-10,-1.621885060889422e-08,-4.812725507181981e-09,-1.154966669720571e-08,-1.1572083657637733e-08,-2.7928381612571385e-11,1.8741256345433666e-08,-1.6944999403634142e-08,7.56589958045284e-09,-1.7596437492869987e-09,-2.440904715416553e-08,-1.917752035299203e-09
1.5333962805237633e-08,1.7130368405032792e-08,-3.274076499498735e-08,-3.419796812918763e-09,5.495653424524016e-10,-1.621885060889422e-08,-4.812725507181981e-09,-1.154966669720571e-08,-1.1572083657637733e-08,-2.7928381612571385e-11,1.8741256345433666e-08,-1.6944999403634142e-08,7.56589958045284e-09,-1.7596437492869987e-09,-2.440904715416553e-08,-1.917752035299203e-09
1.5333962805237633e-08,1.7130368405032792e-08,-3.274076499498735e-08,-3.419796812918763e-09,5.495653424524016e-10,-1.621885060889422e-08,-4.812725507181981e-09,-1.154966669720571e-08,-1.1572083657637733e-08,-2.7928381612571385e-11,1.8741256345433666e-08,-1.6944999403634142e-08,7.56589958045284e-09,-1.7596437492869987e-09,-2.440904715416553e-08,-1.917752035299203e-09
1.5333962805237633e-08,1.7130368405032792e-08,-3.274076499498735e-08,-3.419796812918763e-09,5.495653424524016e-10,-1.621885060889422e-08,-4.812725507181981e-09,-1.154966669720571e-08,-1.1572083657637733e-08,-2.7928381612571385e-11,1.8741256345433666e-08,-1.6944999403634142e-08,7.56589958045284e-09,-1.7596437492869987e-09,-2.440904715416553e-08,-1.917752035299203e-09
1.5333962805237633e-08,1.7130368405032792e-08,-3.274076499498735e-08,-3.419796812918763e-09,5.495653424524016e-10,-1.621885060889422e-08,-4.812725507181981e-09,-1.154966669720571e-08,-1.1572083657637733e-08,-2.7928381612571385e-11,1.8741256345433666e-08,-1.6944999403634142e-08,7.56589958045284e-09,-1.7596437492869987e-09,-2.440904715416553e-08,-1.917752035299203e-09
-7.416106960218133e-08,-2.577614935730943e-08,-9.302534249855388e-09,6.651356930509333e-10,-1.465356001687304e-08,1.2286842197058861e-07,-9.44819403443653e-09,3.849309685647999e-08,2.9136069669769005e-08,4.093039059072101e-08,4.7777024989037464e-08,9.246374422025583e-08,6.971340035452633e-08,1.0323555047712235e-08,9.0577449029898e-08,1.1501209396316825e-08
-7.416106960218133e-08,-2.577614935730943e-08,-9.302534249855388e-09,6.651356930509333e-10,-1.465356001687304e-08,1.2286842197058861e-07,-9.44819403443653e-09,3.849309685647999e-08,2.9136069669769005e-08,4.093039059072101e-08,4.7777024989037464e-08,9.246374422025583e-08,6.971340035452633e-08,1.0323555047712235e-08,9.0577449029898e-08,1.1501209396316825e-08
-7.416106960218133e-08,-2.577614935730943e-08,-9.302534249855388e-09,6.651356930509333e-10,-1.465356001687304e-08,1.2286842197058861e-07,-9.44819403443653e-09,3.849309685647999e-08,2.9136069669769005e-08,4.093039059072101e-08,4.7777024989037464e-08,9.246374422025583e-08,6.971340035452633e-08,1.0323555047712235e-08,9.0577449029898e-08,1.1501209396316825e-08
-7.416106960218133e-08,-2.577614935730943e-08,-9.302534249855388e-09,6.651356930509333e-10,-1.465356001687304e-08,1.2286842197058861e-07,-9.44819403443653e-09,3.849309685647999e-08,2.9136069669769005e-08,4.093039059072101e-08,4.7777024989037464e-08,9.246374422025583e-08,6.971340035452633e-08,1.0323555047712235e-08,9.0577449029898e-08,1.1501209396316825e-08
-9.973107886144389e-08,-3.803515443226435e-08,-2.605896894103399e-09,1.8322592661851322e-09,-1.8997310119537453e-08,1.626076427075837e-07,-1.0772613613652116e-08,5.279102930039019e-08,4.0766970620456644e-08,5.263276743995918e-08,5.607295888720998e-08,1.2372338525565296e-07,8.746982914711876e-08,1.3775897561140588e-08,1.2343073365391616e-07,1.5335198376778547e-08
-9.973107886144389e-08,-3.803515443226435e-08,-2.605896894103399e-09,1.8322592661851322e-09,-1.8997310119537453e-08,1.626076427075837e-07,-1.0772613613652116e-08,5.279102930039019e-08,4.0766970620456644e-08,5.263276743995918e-08,5.607295888720998e-08,1.2372338525565296e-07,8.746982914711876e-08,1.3775897561140588e-08,1.2343073365391616e-07,1.5335198376778547e-08
-9.973107886144389e-08,-3.803515443226435e-08,-2.605896894103399e-09,1.8322592661851322e-09,-1.8997310119537453e-08,1.626076427075837e-07,-1.0772613613652116e-08,5.279102930039019e-08,4.0766970620456644e-08,5.263276743995918e-08,5.607295888720998e-08,1.2372338525565296e-07,8.746982914711876e-08,1.3775897561140588e-08,1.2343073365391616e-07,1.5335198376778547e-08
-9.973107886144389e-08,-3.803515443226435e-08,-2.605896894103399e-09,1.8322592661851322e-09,-1.8997310119537453e-08,1.626076427075837e-07,-1.0772613613652116e-08,5.279102930039019e-08,4.0766970620456644e-08,5.263276743995918e-08,5.607295888720998e-08,1.2372338525565296e-07,8.746982914711876e-08,1.3775897561140588e-08,1.2343073365391616e-07,1.5335198376778547e-08
-7.51352695164964e-09,1.0356146371015562e-08,-2.292249963453674e-08,1.1058884242381994e-09,-3.2569746812732836e-10,3.806832146215078e-08,-1.3218201012910047e-08,-3.113340659496172e-08,-6.2541594854359506e-09,4.505247103766402e-09,4.684090229578608e-08,2.84808100228795e-08,2.8245846356300675e-08,-3.932570471522345e-09,4.986331229861474e-09,1.6699936919439828e-10
-7.51352695164964e-09,1.0356146371015562e-08,-2.292249963453674e-08,1.1058884242381994e-09,-3.2569746812732836e-10,3.806832146215078e-08,-1.3218201012910047e-08,-3.113340659496172e-08,-6.2541594854359506e-09,4.505247103766402e-09,4.684090229578608e-08,2.84808100228795e-08,2.8245846356300675e-08,-3.932570471522345e-09,4.986331229861474e-09,1.6699936919439828e-10
-1.357106959015003e-07,-3.990671335052376e-08,-5.446746149939674e-08,-5.4480870908396595e-09,-3.222604198337836e-08,2.149700419982331e-07,-1.662805764954256e-08,9.931819935742048e-08,5.3013032460386134e-08,8.900205416368864e-08,9.44915942713287e-08,1.53816320645761e-07,1.440691823062501e-07,2.451273558180117e-08,1.6020375714562163e-07,2.2833904333302568e-08
-1.357106959015003e-07,-3.990671335052376e-08,-5.446746149939674e-08,-5.4480870908396595e-09,-3.222604198337836e-08,2.149700419982331e-07,-1.662805764954256e-08,9.931819935742048e-08,5.3013032460386134e-08,8.900205416368864e-08,9.44915942713287e-08,1.53816320645761e-07,1.440691823062501e-07,2.451273558180117e-08,1.6020375714562163e-07,2.2833904333302568e-08
-3.6214586144819874e-08,4.51943446555525e-09,-4.136558339196128e-08,3.80772652644468e-10,-6.570496133458115e-09,7.803674116485526e-08,-6.546319665512447e-09,6.863960637284311e-09,1.2087827519491335e-08,2.9523770274722527e-08,5.790850758080612e-08,5.483520857385571e-08,5.6057381334073675e-08,3.927397164600611e-09,3.9740602850169005e-08,1.2994193380327924e-08
-3.6214586144819874e-08,4.51943446555525e-09,-4.136558339196128e-08,3.80772652644468e-10,-6.570496133458115e-09,7.803674116485526e-08,-6.546319665512447e-09,6.863960637284311e-09,1.2087827519491335e-08,2.9523770274722527e-08,5.790850758080612e-08,5.483520857385571e-08,5.6057381334073675e-08,3.927397164600611e-09,3.9740602850169005e-08,1.2994193380327924e-08
-7.133975780555338e-08,-2.2713334296708965e-08,-2.401625182798147e-08,-3.148647546163951e-09,-1.7320828878698385e-08,1.1666774819701909e-07,-1.5533292664626772e-08,4.0880554750116295e-08,2.3114030303639233e-08,4.265568732848834e-08,5.5615992657539094e-08,8.497461472985653e-08,7.750509821898473e-08,1.110184529711881e-08,8.36329903502094e-08,6.671140214779364e-09
-7.133975780555338e-08,-2.2713334296708965e-08,-2.401625182798147e-08,-3.148647546163951e-09,-1.7320828878698385e-08,1.1666774819701909e-07,-1.5533292664626772e-08,4.0880554750116295e-08,2.3114030303639233e-08,4.265568732848834e-08,5.5615992657539094e-08,8.497461472985653e-08,7.750509821898473e-08,1.110184529711881e-08,8.36329903502094e-08,6.671140214779364e-09
-7.133975780555338e-08,-2.2713334296708965e-08,-2.401625182798147e-08,-3.148647546163951e-09,-1.7320828878698385e-08,1.1666774819701909e-07,-1.5533292664626772e-08,4.0880554750116295e-08,2.3114030303639233e-08,4.265568732848834e-08,5.5615992657539094e-08,8.497461472985653e-08,7.750509821898473e-08,1.110184529711881e-08,8.36329903502094e-08,6.671140214779364e-09
